Count,Audios,Title,Description,Attribution ,Keywords,Videos,Thumbnails,Topic
,https://www.storyblocks.com/audio/stock/calm-relaxing-piano-rmwwi_7ypkcdlv0hn.html,,,,,https://player.vimeo.com/external/384761655.hd.mp4?s=5eecd63d94629aa928726912a5601a7577a3ca8a&profile_id=170&oauth2_token_id=57447761,https://images.pexels.com/videos/3571264/free-video-3571264.jpg?auto=compress&cs=tinysrgb&fit=crop&h=630&w=1200,nature
,https://www.storyblocks.com/audio/stock/beautiful-emotional-piano-rdpf--nnvkf1jx5y8.html,,,,,https://player.vimeo.com/external/517619980.hd.mp4?s=dcab905de99f4814ba133b1b89347626363473b3&profile_id=175&oauth2_token_id=57447761,https://images.pexels.com/videos/6981411/pexels-photo-6981411.jpeg?auto=compress&cs=tinysrgb&fit=crop&h=630&w=1200,nature
,https://www.storyblocks.com/audio/stock/peaceful-land-hzbfp-m_dkgo3twb3.html,,,,,https://player.vimeo.com/external/370762164.hd.mp4?s=84f78c119b8bd17aaddb7bd5ce5a59eaac87c13d&profile_id=174&oauth2_token_id=57447761,https://images.pexels.com/videos/3173312/free-video-3173312.jpg?auto=compress&cs=tinysrgb&fit=crop&h=630&w=1200,nature
,https://www.storyblocks.com/audio/stock/the-rose-garden-calming-piano-melody-riwgnk91fks070n9u.html,,,,,https://player.vimeo.com/external/434045526.hd.mp4?s=20f75bfc99c6577c31e4a530dbc0776ce9ba4c27&profile_id=172&oauth2_token_id=57447761,https://images.pexels.com/videos/4763824/4k-4k50fps-adventure-backpack-4763824.jpeg?auto=compress&cs=tinysrgb&fit=crop&h=630&w=1200,nature
,https://www.storyblocks.com/audio/stock/voices-of-the-earth-bw8gk9tzdkdix4lxa.html,,,,,https://player.vimeo.com/external/576787721.hd.mp4?s=deb7c7a931e53b3982f5c5a143ad737bf94543df&profile_id=174&oauth2_token_id=57447761,https://images.pexels.com/videos/8820216/aerial-footage-aerial-video-aerial-view-at-the-beach-8820216.jpeg?auto=compress&cs=tinysrgb&fit=crop&h=630&w=1200,nature
,https://www.storyblocks.com/audio/stock/sink---acoustic-guitar-rqoiochtpkh9bs0n3.html,,,,,https://player.vimeo.com/external/372567192.hd.mp4?s=c186273e04cc5015efecd863d8256eb99bc034fd&profile_id=175&oauth2_token_id=57447761,https://images.pexels.com/videos/3214448/free-video-3214448.jpg?auto=compress&cs=tinysrgb&fit=crop&h=630&w=1200,nature
,https://www.storyblocks.com/audio/stock/meditation-of-love-346838038.html,,,,,https://player.vimeo.com/external/328428416.hd.mp4?s=fa02b255fa889778086413be73fadec52a120743&profile_id=172&oauth2_token_id=57447761,https://images.pexels.com/videos/2098989/free-video-2098989.jpg?auto=compress&cs=tinysrgb&fit=crop&h=630&w=1200,nature
,https://www.storyblocks.com/audio/stock/rainy-days-rzy2d2npvkgicsm4x.html,,,,,https://player.vimeo.com/external/410111061.hd.mp4?s=07d5959bbca21e0e47bdc448795f6d79183ce246&profile_id=174&oauth2_token_id=57447761,https://images.pexels.com/videos/4205697/bay-bay-area-beach-island-beach-shore-4205697.jpeg?auto=compress&cs=tinysrgb&fit=crop&h=630&w=1200,nature
,https://www.storyblocks.com/audio/search?media-type=music&portal_artist_ids=rCwpf90p8kbqy3i2p,,,,,https://player.vimeo.com/external/481961800.hd.mp4?s=b2dca8ab58709a255ea677d05eb952beb8991e32&profile_id=170&oauth2_token_id=57447761,https://images.pexels.com/videos/5946371/closeup-niagara-falls-niagara-falls-5946371.jpeg?auto=compress&cs=tinysrgb&fit=crop&h=630&w=1200,nature
,https://www.storyblocks.com/audio/stock/sunrise-hmslfzgdpkgo46d6c.html,,,,,https://player.vimeo.com/external/297888387.hd.mp4?s=597e7209648625e257b30e9d73164b2239de2425&profile_id=174&oauth2_token_id=57447761,https://images.pexels.com/videos/1542008/free-video-1542008.jpg?auto=compress&cs=tinysrgb&fit=crop&h=630&w=1200,nature
,https://www.storyblocks.com/audio/stock/lent-piano-classical-soft-rra6svlcdkhkuf2z8.html,,,,,https://player.vimeo.com/external/466617295.hd.mp4?s=810d1857cf3269d3efdc4d1c856bb26f2647edf5&profile_id=174&oauth2_token_id=57447761,https://images.pexels.com/videos/5562986/4k-video-autumn-autumn-atmosphere-autumn-color-5562986.jpeg?auto=compress&cs=tinysrgb&fit=crop&h=630&w=1200,nature
,https://www.storyblocks.com/audio/stock/kurukshetra-ambient-new-age-346700813.html,,,,,https://player.vimeo.com/external/406227712.hd.mp4?s=afd4b81946198dcf2aa1a994924f9529cc7da3fa&profile_id=172&oauth2_token_id=57447761,https://images.pexels.com/videos/4125029/pexels-photo-4125029.jpeg?auto=compress&cs=tinysrgb&fit=crop&h=630&w=1200,nature
,https://www.storyblocks.com/audio/stock/the-essence-of-life-347277907.html,,,,,https://player.vimeo.com/external/289258217.hd.mp4?s=5cf87d7670d96bbd2c110f4dc97fd5116f4468ad&profile_id=170&oauth2_token_id=57447761,https://images.pexels.com/videos/1409899/free-video-1409899.jpg?auto=compress&cs=tinysrgb&fit=crop&h=630&w=1200,nature
,https://www.fesliyanstudios.com/royalty-free-music/download/tranquility/331,,,,,https://player.vimeo.com/external/342177837.hd.mp4?s=c15a2e59d4939a75b514d40d938e397294ce22d8&profile_id=174&oauth2_token_id=57447761,https://images.pexels.com/videos/2480792/free-video-2480792.jpg?auto=compress&cs=tinysrgb&fit=crop&h=630&w=1200,nature
,https://www.fesliyanstudios.com/royalty-free-music/download/quiet-time/330,,,,,https://player.vimeo.com/external/191381912.hd.mp4?s=8343a46a18e44859d19ec60c437d18086ee378bf&profile_id=119&oauth2_token_id=57447761,https://images.pexels.com/videos/854695/free-video-854695.jpg?auto=compress&cs=tinysrgb&fit=crop&h=630&w=1200,nature
,https://www.fesliyanstudios.com/royalty-free-music/download/peace/95,,,,,https://player.vimeo.com/external/415113667.hd.mp4?s=2ea9b057d38f566f6a30ff3ddd94bc205fccacda&profile_id=175&oauth2_token_id=57447761,https://images.pexels.com/videos/4323945/pexels-photo-4323945.jpeg?auto=compress&cs=tinysrgb&fit=crop&h=630&w=1200,nature
,https://500audio.com/track/christmas-nursery-rhyme_619,,,,,https://player.vimeo.com/external/269971860.hd.mp4?s=eae965838585cc8342bb5d5253d06a52b2415570&profile_id=174&oauth2_token_id=57447761,https://images.pexels.com/videos/1093662/free-video-1093662.jpg?auto=compress&cs=tinysrgb&fit=crop&h=630&w=1200,nature
,https://pixabay.com/users/olexy-25300778,,,,,https://player.vimeo.com/external/579600466.hd.mp4?s=df4d5b334b879eaa9bacff319844ff844633f4ea&profile_id=172&oauth2_token_id=57447761,https://images.pexels.com/videos/8928431/abstract-alone-art-bark-8928431.jpeg?auto=compress&cs=tinysrgb&fit=crop&h=630&w=1200,nature
,,,,,,https://player.vimeo.com/external/336862260.hd.mp4?s=08346e8e90d5940bd32c178f86188ce07c20e0a9&profile_id=172&oauth2_token_id=57447761,https://images.pexels.com/videos/2330730/free-video-2330730.jpg?auto=compress&cs=tinysrgb&fit=crop&h=630&w=1200,nature
,,,,,,https://player.vimeo.com/external/408701868.hd.mp4?s=1b198403f5a32282de2372504fe3942a8619d062&profile_id=174&oauth2_token_id=57447761,https://images.pexels.com/videos/4174024/pexels-photo-4174024.jpeg?auto=compress&cs=tinysrgb&fit=crop&h=630&w=1200,nature
,,,,,,https://player.vimeo.com/external/403487329.hd.mp4?s=dc1fef6ce8edfbe679f55d64d08ce5b1eba8f30a&profile_id=174&oauth2_token_id=57447761,https://images.pexels.com/videos/4062018/pexels-photo-4062018.jpeg?auto=compress&cs=tinysrgb&fit=crop&h=630&w=1200,nature
,,,,,,https://player.vimeo.com/external/415278597.hd.mp4?s=01409de24206fa20cc3586403cad1c6e27aee921&profile_id=170&oauth2_token_id=57447761,https://images.pexels.com/videos/4328514/air-beautiful-belong-branch-4328514.jpeg?auto=compress&cs=tinysrgb&fit=crop&h=630&w=1200,nature
,,,,,,https://player.vimeo.com/external/210744061.hd.mp4?s=eb7e86341d900cd69843c1f51a57831bb2d13497&profile_id=119&oauth2_token_id=57447761,https://images.pexels.com/videos/854008/free-video-854008.jpg?auto=compress&cs=tinysrgb&fit=crop&h=630&w=1200,nature
,,,,,,https://player.vimeo.com/external/311109856.hd.mp4?s=d69e050cb75dcad042bb955cca754cb7fb6c1d56&profile_id=175&oauth2_token_id=57447761,https://images.pexels.com/videos/1793014/free-video-1793014.jpg?auto=compress&cs=tinysrgb&fit=crop&h=630&w=1200,nature
,,,,,,https://player.vimeo.com/external/333130657.hd.mp4?s=be22a521a84d4fc6cf97e36c57fbfdcec0bb35e2&profile_id=174&oauth2_token_id=57447761,https://images.pexels.com/videos/2248541/free-video-2248541.jpg?auto=compress&cs=tinysrgb&fit=crop&h=630&w=1200,nature
,,,,,,https://player.vimeo.com/external/416620995.hd.mp4?s=d3d79a9409eedcd5ec842b4a6cca950a696157b6&profile_id=170&oauth2_token_id=57447761,https://images.pexels.com/videos/4360463/pexels-photo-4360463.jpeg?auto=compress&cs=tinysrgb&fit=crop&h=630&w=1200,nature
,,,,,,https://player.vimeo.com/external/410197809.hd.mp4?s=93ffffb448632cfc7778de0f481f9dd41e8f1104&profile_id=170&oauth2_token_id=57447761,https://images.pexels.com/videos/4208317/pexels-photo-4208317.jpeg?auto=compress&cs=tinysrgb&fit=crop&h=630&w=1200,nature
,,,,,,https://player.vimeo.com/external/294827782.hd.mp4?s=1b8d258f7e8defd370e5e36a8fdac5f0ebcb0727&profile_id=175&oauth2_token_id=57447761,https://images.pexels.com/videos/1500215/free-video-1500215.jpg?auto=compress&cs=tinysrgb&fit=crop&h=630&w=1200,nature
,,,,,,https://player.vimeo.com/external/398275705.hd.mp4?s=f81c2cb83ed2051fbe7415439a55635f3a9129da&profile_id=170&oauth2_token_id=57447761,https://images.pexels.com/videos/3952410/pexels-photo-3952410.jpeg?auto=compress&cs=tinysrgb&fit=crop&h=630&w=1200,nature
,,,,,,https://player.vimeo.com/external/284952072.hd.mp4?s=a2d43cb5d0046aca4d07a3e3453a31a7411e6a74&profile_id=170&oauth2_token_id=57447761,https://images.pexels.com/videos/1324936/free-video-1324936.jpg?auto=compress&cs=tinysrgb&fit=crop&h=630&w=1200,nature
,,,,,,https://player.vimeo.com/external/290130710.hd.mp4?s=134f7822cb1d998264cbbe130e102a78db5671ed&profile_id=172&oauth2_token_id=57447761,https://images.pexels.com/videos/1424772/free-video-1424772.jpg?auto=compress&cs=tinysrgb&fit=crop&h=630&w=1200,nature
,,,,,,https://player.vimeo.com/external/406495486.hd.mp4?s=2270591d8fe81aed2fb0fc3e2b46bfcc51d83817&profile_id=170&oauth2_token_id=57447761,https://images.pexels.com/videos/4130872/pexels-photo-4130872.jpeg?auto=compress&cs=tinysrgb&fit=crop&h=630&w=1200,nature
,,,,,,https://player.vimeo.com/external/352253558.hd.mp4?s=1eff0a6a8867162a7bc48acb6a55de3031967ab0&profile_id=170&oauth2_token_id=57447761,https://images.pexels.com/videos/2764118/free-video-2764118.jpg?auto=compress&cs=tinysrgb&fit=crop&h=630&w=1200,nature
,,,,,,https://player.vimeo.com/external/321374675.hd.mp4?s=62ac15b78d52b1329a67b2af8c9f69d2335c973a&profile_id=175&oauth2_token_id=57447761,https://images.pexels.com/videos/1987421/free-video-1987421.jpg?auto=compress&cs=tinysrgb&fit=crop&h=630&w=1200,nature
,,,,,,https://player.vimeo.com/external/396296880.hd.mp4?s=30b51e1929b245da3cb5cbc8967dedae605d337b&profile_id=175&oauth2_token_id=57447761,https://images.pexels.com/videos/3886583/agriculture-argentina-dji-dji-mavic-pro-3886583.jpeg?auto=compress&cs=tinysrgb&fit=crop&h=630&w=1200,nature
,,,,,,https://player.vimeo.com/external/341001442.hd.mp4?s=865217b37c97c7ba34389e0bb82c9817ad765722&profile_id=174&oauth2_token_id=57447761,https://images.pexels.com/videos/2453852/free-video-2453852.jpg?auto=compress&cs=tinysrgb&fit=crop&h=630&w=1200,nature
,,,,,,https://player.vimeo.com/external/415290650.hd.mp4?s=2babe88893bc865db314023e46338f7446403c1a&profile_id=172&oauth2_token_id=57447761,https://images.pexels.com/videos/4328789/beach-drone-footage-drone-video-explore-4328789.jpeg?auto=compress&cs=tinysrgb&fit=crop&h=630&w=1200,nature
,,,,,,https://player.vimeo.com/external/210741361.hd.mp4?s=3e2565e239480316e9cfe2841725ac8704cfe928&profile_id=174&oauth2_token_id=57447761,https://images.pexels.com/videos/853810/free-video-853810.jpg?auto=compress&cs=tinysrgb&fit=crop&h=630&w=1200,nature
,,,,,,https://player.vimeo.com/external/397577231.hd.mp4?s=bbaabe4fe68fc0616a3b5851608530e6e0a4a2af&profile_id=175&oauth2_token_id=57447761,https://images.pexels.com/videos/3929990/acqua-alberi-alpi-cielo-3929990.jpeg?auto=compress&cs=tinysrgb&fit=crop&h=630&w=1200,nature
,,,,,,https://player.vimeo.com/external/390207984.hd.mp4?s=cd882f43c9a26b3572ef4c720ae26568e862b35a&profile_id=175&oauth2_token_id=57447761,https://images.pexels.com/videos/3706333/autumn-day-flow-forest-3706333.jpeg?auto=compress&cs=tinysrgb&fit=crop&h=630&w=1200,nature
,,,,,,https://player.vimeo.com/external/396096234.hd.mp4?s=bb66b8e0c0f1a83bf493acf4aecf6319797e99bc&profile_id=174&oauth2_token_id=57447761,https://images.pexels.com/videos/3877884/butterfly-insect-3877884.jpeg?auto=compress&cs=tinysrgb&fit=crop&h=630&w=1200,nature
,,,,,,https://player.vimeo.com/external/418600800.hd.mp4?s=16ce95406e980d40c5d835cb5dd1a4c7d91d507a&profile_id=175&oauth2_token_id=57447761,https://images.pexels.com/videos/4401518/breeze-nature-orange-sky-sunset-4401518.jpeg?auto=compress&cs=tinysrgb&fit=crop&h=630&w=1200,nature
,,,,,,https://player.vimeo.com/external/214459928.hd.mp4?s=150a5efced28fe11a3dc43f5c9fa8ace26491bf4&profile_id=119&oauth2_token_id=57447761,https://images.pexels.com/videos/855857/free-video-855857.jpg?auto=compress&cs=tinysrgb&fit=crop&h=630&w=1200,nature
,,,,,,https://player.vimeo.com/external/358005550.hd.mp4?s=59648fa798c0269298dfc453f0032af995d6e398&profile_id=172&oauth2_token_id=57447761,https://images.pexels.com/videos/2897235/free-video-2897235.jpg?auto=compress&cs=tinysrgb&fit=crop&h=630&w=1200,nature
,,,,,,https://player.vimeo.com/external/394397781.hd.mp4?s=6113b1ead2a093a827b572184f2f8a89720314c2&profile_id=174&oauth2_token_id=57447761,https://images.pexels.com/videos/3823081/pexels-photo-3823081.jpeg?auto=compress&cs=tinysrgb&fit=crop&h=630&w=1200,nature
,,,,,,https://player.vimeo.com/external/392999688.hd.mp4?s=93e2b24aac1eab539010ff7fbe3f3a4f456c244f&profile_id=175&oauth2_token_id=57447761,https://images.pexels.com/videos/3785605/pexels-photo-3785605.jpeg?auto=compress&cs=tinysrgb&fit=crop&h=630&w=1200,nature
,,,,,,https://player.vimeo.com/external/308166373.hd.mp4?s=005592c684857c1337d510b50ead260a49ceaa1a&profile_id=175&oauth2_token_id=57447761,https://images.pexels.com/videos/1723096/free-video-1723096.jpg?auto=compress&cs=tinysrgb&fit=crop&h=630&w=1200,nature
,,,,,,https://player.vimeo.com/external/403216671.hd.mp4?s=364a6b82a0e3b69024961c15591158cba921aca0&profile_id=174&oauth2_token_id=57447761,https://images.pexels.com/videos/4055888/pexels-photo-4055888.jpeg?auto=compress&cs=tinysrgb&fit=crop&h=630&w=1200,nature
,,,,,,https://player.vimeo.com/external/418059994.hd.mp4?s=1e217268375f7af1a7bcd1015be79dbb3fbf7c28&profile_id=174&oauth2_token_id=57447761,https://images.pexels.com/videos/4392340/active-enjoy-enjoying-evening-4392340.jpeg?auto=compress&cs=tinysrgb&fit=crop&h=630&w=1200,nature
,,,,,,https://player.vimeo.com/external/423127362.hd.mp4?s=f91ffe5dea031635921da9cd1898f739f3c3365c&profile_id=174&oauth2_token_id=57447761,https://images.pexels.com/videos/4496286/pexels-photo-4496286.jpeg?auto=compress&cs=tinysrgb&fit=crop&h=630&w=1200,nature
,,,,,,https://player.vimeo.com/external/406119978.hd.mp4?s=76618ddcab240dab4b0bf2ddf19bd46f8f6ce3c5&profile_id=174&oauth2_token_id=57447761,https://images.pexels.com/videos/4121170/pexels-photo-4121170.jpeg?auto=compress&cs=tinysrgb&fit=crop&h=630&w=1200,nature
,,,,,,https://player.vimeo.com/external/417611276.hd.mp4?s=77147f13faeb76cae9308fa3bd0b3a888789ef86&profile_id=172&oauth2_token_id=57447761,https://images.pexels.com/videos/4383888/pexels-photo-4383888.jpeg?auto=compress&cs=tinysrgb&fit=crop&h=630&w=1200,nature
,,,,,,https://player.vimeo.com/external/412071933.hd.mp4?s=8cab5a1440e9c5e2b33ba8a5277474a3217fe6ca&profile_id=174&oauth2_token_id=57447761,https://images.pexels.com/videos/4248051/pexels-photo-4248051.jpeg?auto=compress&cs=tinysrgb&fit=crop&h=630&w=1200,nature
,,,,,,https://player.vimeo.com/external/420605904.hd.mp4?s=2978688c919e2cc7f4ce22aec6e1fb278a216856&profile_id=174&oauth2_token_id=57447761,https://images.pexels.com/videos/4441064/pexels-photo-4441064.jpeg?auto=compress&cs=tinysrgb&fit=crop&h=630&w=1200,nature
,,,,,,https://player.vimeo.com/external/365589364.hd.mp4?s=2fa1fff75cb7c8aeb2f5f1eb1b0f8177b3b7d710&profile_id=175&oauth2_token_id=57447761,https://images.pexels.com/videos/3061911/free-video-3061911.jpg?auto=compress&cs=tinysrgb&fit=crop&h=630&w=1200,nature
,,,,,,https://player.vimeo.com/external/452280790.hd.mp4?s=67a66414f6d2bba95d36b037fa0e79916dae4c72&profile_id=175&oauth2_token_id=57447761,https://images.pexels.com/videos/5208392/beautiful-nature-big-river-flowing-river-5208392.jpeg?auto=compress&cs=tinysrgb&fit=crop&h=630&w=1200,nature
,,,,,,https://player.vimeo.com/external/423994038.hd.mp4?s=ce9db14fd19bc577a10d84b8d5f5c1bfca023a0d&profile_id=174&oauth2_token_id=57447761,https://images.pexels.com/videos/4510624/pexels-photo-4510624.jpeg?auto=compress&cs=tinysrgb&fit=crop&h=630&w=1200,nature
,,,,,,https://player.vimeo.com/external/332204765.hd.mp4?s=1a910769648e50cf3a62f32bc5a5783bcf0c0cec&profile_id=175&oauth2_token_id=57447761,https://images.pexels.com/videos/2223418/free-video-2223418.jpg?auto=compress&cs=tinysrgb&fit=crop&h=630&w=1200,nature
,,,,,,https://player.vimeo.com/external/365148570.hd.mp4?s=1ee9d66e69d869bff8cfe5528a8c080584848bdc&profile_id=175&oauth2_token_id=57447761,https://images.pexels.com/videos/3051719/free-video-3051719.jpg?auto=compress&cs=tinysrgb&fit=crop&h=630&w=1200,nature
,,,,,,https://player.vimeo.com/external/402880119.hd.mp4?s=bf9160ec23afe9cef470d1ca3e53f04fd91e2283&profile_id=169&oauth2_token_id=57447761,https://images.pexels.com/videos/4046788/pexels-photo-4046788.jpeg?auto=compress&cs=tinysrgb&fit=crop&h=630&w=1200,nature
,,,,,,https://player.vimeo.com/external/240636403.hd.?s=ca66b738b7824dc8aa40b2c74a07f6216c0fbc90&profile_id=174&oauth2_token_id=57447761,https://images.pexels.com/videos/857265/free-video-857265.jpg?auto=compress&cs=tinysrgb&fit=crop&h=630&w=1200,nature
,,,,,,https://player.vimeo.com/external/413828216.hd.mp4?s=d9b03cb5cf21c446bd9c0d660488acc3c0ce0261&profile_id=174&oauth2_token_id=57447761,https://images.pexels.com/videos/4280450/pexels-photo-4280450.jpeg?auto=compress&cs=tinysrgb&fit=crop&h=630&w=1200,nature
,,,,,,https://player.vimeo.com/external/350239627.hd.mp4?s=1f1b3f7c2c030f8d91249d72bfed5cda6aa948d9&profile_id=170&oauth2_token_id=57447761,https://images.pexels.com/videos/2711094/free-video-2711094.jpg?auto=compress&cs=tinysrgb&fit=crop&h=630&w=1200,nature
,,,,,,https://player.vimeo.com/external/421443711.hd.mp4?s=b9d5aed18177af442797e249e0dbc6e7cd68c206&profile_id=172&oauth2_token_id=57447761,https://images.pexels.com/videos/4456320/adriatic-sea-aerial-aquatic-background-4456320.jpeg?auto=compress&cs=tinysrgb&fit=crop&h=630&w=1200,nature
,,,,,,https://player.vimeo.com/external/338174211.hd.mp4?s=fc6fc3a6a9974e242341550180f99623f844d222&profile_id=172&oauth2_token_id=57447761,https://images.pexels.com/videos/2361871/free-video-2361871.jpg?auto=compress&cs=tinysrgb&fit=crop&h=630&w=1200,nature
,,,,,,https://player.vimeo.com/external/409415689.hd.mp4?s=a64ab069af887a8e24091ce191af6f1b978a6e59&profile_id=170&oauth2_token_id=57447761,https://images.pexels.com/videos/4190494/etretat-falaise-vagues-4190494.jpeg?auto=compress&cs=tinysrgb&fit=crop&h=630&w=1200,nature
,,,,,,https://player.vimeo.com/external/335884214.hd.mp4?s=fda9550469219dcf16f051bc580da16873b8954f&profile_id=174&oauth2_token_id=57447761,https://images.pexels.com/videos/2312675/free-video-2312675.jpg?auto=compress&cs=tinysrgb&fit=crop&h=630&w=1200,nature
,,,,,,https://player.vimeo.com/external/414182873.hd.mp4?s=d2a9afa455554cbef9409fe0ec9d631a62ed39c2&profile_id=172&oauth2_token_id=57447761,https://images.pexels.com/videos/4287975/pexels-photo-4287975.jpeg?auto=compress&cs=tinysrgb&fit=crop&h=630&w=1200,nature
,,,,,,https://player.vimeo.com/external/208273039.hd.mp4?s=6c2d51917ae0647ef4161d3bee81079af034201b&profile_id=174&oauth2_token_id=57447761,https://images.pexels.com/videos/855606/free-video-855606.jpg?auto=compress&cs=tinysrgb&fit=crop&h=630&w=1200,nature
,,,,,,https://player.vimeo.com/external/517619820.hd.mp4?s=2cd7d126f7f2c18bf367b3647bcc677681408181&profile_id=175&oauth2_token_id=57447761,https://images.pexels.com/videos/6981408/pexels-photo-6981408.jpeg?auto=compress&cs=tinysrgb&fit=crop&h=630&w=1200,nature
,,,,,,https://player.vimeo.com/external/324205458.hd.mp4?s=6eb8e6b0247b825f35c3317594685d789b54fc0a&profile_id=174&oauth2_token_id=57447761,https://images.pexels.com/videos/2021806/free-video-2021806.jpg?auto=compress&cs=tinysrgb&fit=crop&h=630&w=1200,nature
,,,,,,https://player.vimeo.com/external/381092117.hd.mp4?s=8186b9d7845a9723e4253b0d09254098f8364c3b&profile_id=170&oauth2_token_id=57447761,https://images.pexels.com/videos/3435300/free-video-3435300.jpg?auto=compress&cs=tinysrgb&fit=crop&h=630&w=1200,nature
,,,,,,https://player.vimeo.com/external/482032091.hd.mp4?s=0cc12e3673c389f258fc1d377cf9a5ae878cb5c9&profile_id=172&oauth2_token_id=57447761,https://images.pexels.com/videos/5948574/pexels-photo-5948574.jpeg?auto=compress&cs=tinysrgb&fit=crop&h=630&w=1200,nature
,,,,,,https://player.vimeo.com/external/342177837.hd.mp4?s=c15a2e59d4939a75b514d40d938e397294ce22d8&profile_id=174&oauth2_token_id=57447761,https://images.pexels.com/videos/2480792/free-video-2480792.jpg?auto=compress&cs=tinysrgb&fit=crop&h=630&w=1200,calm
,,,,,,https://player.vimeo.com/external/271510997.hd.mp4?s=09438f2556bc75ada9d8b69908d42463e9d12e3a&profile_id=174&oauth2_token_id=57447761,https://images.pexels.com/videos/1110140/free-video-1110140.jpg?auto=compress&cs=tinysrgb&fit=crop&h=630&w=1200,calm
,,,,,,https://player.vimeo.com/external/332588783.hd.mp4?s=b2ef707298773aa9fcd7347cf170509533a86f5e&profile_id=172&oauth2_token_id=57447761,https://images.pexels.com/videos/2231485/free-video-2231485.jpg?auto=compress&cs=tinysrgb&fit=crop&h=630&w=1200,calm
,,,,,,https://player.vimeo.com/external/369069033.hd.mp4?s=002d215f32e2a51ef3e6374b43a54f07a7c3fc0e&profile_id=175&oauth2_token_id=57447761,https://images.pexels.com/videos/3135808/free-video-3135808.jpg?auto=compress&cs=tinysrgb&fit=crop&h=630&w=1200,calm
,,,,,,https://player.vimeo.com/external/285513845.hd.mp4?s=0ada55eecbdf1ecab23cf5c4c3963f655580cc62&profile_id=175&oauth2_token_id=57447761,https://images.pexels.com/videos/1333752/free-video-1333752.jpg?auto=compress&cs=tinysrgb&fit=crop&h=630&w=1200,calm
,,,,,,https://player.vimeo.com/external/332093676.hd.mp4?s=3aa251b4acca9de36e15262bca0968dcf79a2e9f&profile_id=175&oauth2_token_id=57447761,https://images.pexels.com/videos/2218727/free-video-2218727.jpg?auto=compress&cs=tinysrgb&fit=crop&h=630&w=1200,calm
,,,,,,https://player.vimeo.com/external/358215697.hd.mp4?s=a6da4c5541fd7392a269b91c515cce63f9015776&profile_id=174&oauth2_token_id=57447761,https://images.pexels.com/videos/2902141/free-video-2902141.jpg?auto=compress&cs=tinysrgb&fit=crop&h=630&w=1200,calm
,,,,,,https://player.vimeo.com/external/373735415.hd.mp4?s=8e30a4e557c4edf73686b5989598ef508b3d320e&profile_id=169&oauth2_token_id=57447761,https://images.pexels.com/videos/3239826/free-video-3239826.jpg?auto=compress&cs=tinysrgb&fit=crop&h=630&w=1200,calm
,,,,,,https://player.vimeo.com/external/305226297.hd.mp4?s=caa36eb56936030eb2ab216c710c54e6521ee195&profile_id=170&oauth2_token_id=57447761,https://images.pexels.com/videos/1673883/free-video-1673883.jpg?auto=compress&cs=tinysrgb&fit=crop&h=630&w=1200,calm
,,,,,,https://player.vimeo.com/external/369532852.hd.mp4?s=da6623aa80aa3aff5e2061950da985bf24f78cd5&profile_id=175&oauth2_token_id=57447761,https://images.pexels.com/videos/3145794/free-video-3145794.jpg?auto=compress&cs=tinysrgb&fit=crop&h=630&w=1200,calm
,,,,,,https://player.vimeo.com/external/317359880.hd.mp4?s=793eb9637dbb9243085e425c93e189dddf4de80e&profile_id=175&oauth2_token_id=57447761,https://images.pexels.com/videos/1906738/free-video-1906738.jpg?auto=compress&cs=tinysrgb&fit=crop&h=630&w=1200,calm
,,,,,,https://player.vimeo.com/external/395441080.hd.mp4?s=5f2d824f57ee439b78785ba0a5457b4180c5bb20&profile_id=170&oauth2_token_id=57447761,https://images.pexels.com/videos/3858839/pexels-photo-3858839.jpeg?auto=compress&cs=tinysrgb&fit=crop&h=630&w=1200,calm
,,,,,,https://player.vimeo.com/external/384853327.hd.mp4?s=39858fce5e9028b3444bcf583074e92f4a1fe5ff&profile_id=172&oauth2_token_id=57447761,https://images.pexels.com/videos/3573394/free-video-3573394.jpg?auto=compress&cs=tinysrgb&fit=crop&h=630&w=1200,calm
,,,,,,https://player.vimeo.com/external/206207946.hd.mp4?s=222bdb1ac006d076ccf28e5475b65823ab483553&profile_id=172&oauth2_token_id=57447761,https://images.pexels.com/videos/855458/free-video-855458.jpg?auto=compress&cs=tinysrgb&fit=crop&h=630&w=1200,calm
,,,,,,https://player.vimeo.com/external/322436481.hd.mp4?s=14d1b25a4965e7c2c1bb0597a9d95d7476048d57&profile_id=172&oauth2_token_id=57447761,https://images.pexels.com/videos/2000903/free-video-2000903.jpg?auto=compress&cs=tinysrgb&fit=crop&h=630&w=1200,calm
,,,,,,https://player.vimeo.com/external/336748401.hd.mp4?s=5a35b1a5e72cf52d56de027048ab9e9a40737662&profile_id=172&oauth2_token_id=57447761,https://images.pexels.com/videos/2328779/free-video-2328779.jpg?auto=compress&cs=tinysrgb&fit=crop&h=630&w=1200,calm
,,,,,,https://player.vimeo.com/external/282410565.hd.mp4?s=b9cdb11d97ceeec902d0ff57559b25051a15dc1e&profile_id=174&oauth2_token_id=57447761,https://images.pexels.com/videos/1281581/free-video-1281581.jpg?auto=compress&cs=tinysrgb&fit=crop&h=630&w=1200,calm
,,,,,,https://player.vimeo.com/external/312884706.hd.mp4?s=288767b1839629c71ab87f5ae31a92076dc213e6&profile_id=174&oauth2_token_id=57447761,https://images.pexels.com/videos/1826629/free-video-1826629.jpg?auto=compress&cs=tinysrgb&fit=crop&h=630&w=1200,calm
,,,,,,https://player.vimeo.com/external/395972630.hd.mp4?s=bd6e5296b996bbbf3998e8717089470df28766ff&profile_id=174&oauth2_token_id=57447761,https://images.pexels.com/videos/3874730/air-beautiful-calm-flowering-3874730.jpeg?auto=compress&cs=tinysrgb&fit=crop&h=630&w=1200,calm
,,,,,,https://player.vimeo.com/external/369284722.hd.mp4?s=f0fcf5dc389d0630442c174a666961b5d5201653&profile_id=175&oauth2_token_id=57447761,https://images.pexels.com/videos/3141686/free-video-3141686.jpg?auto=compress&cs=tinysrgb&fit=crop&h=630&w=1200,calm
,,,,,,https://player.vimeo.com/external/214483288.hd.mp4?s=b8da7d8a6aed62be7cfb31d88158fae6f5af2f82&profile_id=119&oauth2_token_id=57447761,https://images.pexels.com/videos/856033/free-video-856033.jpg?auto=compress&cs=tinysrgb&fit=crop&h=630&w=1200,calm
,,,,,,https://player.vimeo.com/external/363285880.hd.mp4?s=d19b3abef354e737b93231436dae0426a06f38a4&profile_id=175&oauth2_token_id=57447761,https://images.pexels.com/videos/3008699/free-video-3008699.jpg?auto=compress&cs=tinysrgb&fit=crop&h=630&w=1200,calm
,,,,,,https://player.vimeo.com/external/451758277.hd.mp4?s=80c714688123300922fcc99042736449864a6cb0&profile_id=172&oauth2_token_id=57447761,https://images.pexels.com/videos/5197762/autumn-calm-cosy-drops-5197762.jpeg?auto=compress&cs=tinysrgb&fit=crop&h=630&w=1200,calm
,,,,,,https://player.vimeo.com/external/419819715.hd.mp4?s=dd527e8a3443ee25c5755a2b07d59c38ec782fa0&profile_id=170&oauth2_token_id=57447761,https://images.pexels.com/videos/4426234/beautiful-sunset-body-of-water-body-water-calm-water-4426234.jpeg?auto=compress&cs=tinysrgb&fit=crop&h=630&w=1200,calm
,,,,,,https://player.vimeo.com/external/363441871.hd.mp4?s=939f27723c61d877b01ab2802685db15fcf64b14&profile_id=174&oauth2_token_id=57447761,https://images.pexels.com/videos/3010447/free-video-3010447.jpg?auto=compress&cs=tinysrgb&fit=crop&h=630&w=1200,calm
,,,,,,https://player.vimeo.com/external/226685074.hd.mp4?s=4e233ef41c909893a99801a43bb06290710f7ba5&profile_id=174&oauth2_token_id=57447761,https://images.pexels.com/videos/856963/free-video-856963.jpg?auto=compress&cs=tinysrgb&fit=crop&h=630&w=1200,calm
,,,,,,https://player.vimeo.com/external/428287241.hd.mp4?s=4a6537852cabda231ee9a046dc9e69cc4d433660&profile_id=174&oauth2_token_id=57447761,https://images.pexels.com/videos/4625996/pexels-photo-4625996.jpeg?auto=compress&cs=tinysrgb&fit=crop&h=630&w=1200,calm
,,,,,,https://player.vimeo.com/external/327381004.hd.mp4?s=dfed8fa7f73e6df6b5775c06c164d2d96a5c1cf4&profile_id=170&oauth2_token_id=57447761,https://images.pexels.com/videos/2077018/free-video-2077018.jpg?auto=compress&cs=tinysrgb&fit=crop&h=630&w=1200,calm
,,,,,,https://player.vimeo.com/external/214483036.hd.mp4?s=592a67915bc5b41fb38945392638d9ba8aafb92c&profile_id=169&oauth2_token_id=57447761,https://images.pexels.com/videos/855985/free-video-855985.jpg?auto=compress&cs=tinysrgb&fit=crop&h=630&w=1200,calm
,,,,,,https://player.vimeo.com/external/365492854.hd.mp4?s=323da9f96fd79a7cc63dd0be23e7730faf004ae8&profile_id=175&oauth2_token_id=57447761,https://images.pexels.com/videos/3059561/free-video-3059561.jpg?auto=compress&cs=tinysrgb&fit=crop&h=630&w=1200,calm
,,,,,,https://player.vimeo.com/external/207276302.hd.mp4?s=78cbf9f897a69a8f019b718091ed06234997922b&profile_id=174&oauth2_token_id=57447761,https://images.pexels.com/videos/857045/free-video-857045.jpg?auto=compress&cs=tinysrgb&fit=crop&h=630&w=1200,calm
,,,,,,https://player.vimeo.com/external/371383365.hd.mp4?s=b43e58cba3db3dda1f5ea49bd2dc11548cdca2b3&profile_id=174&oauth2_token_id=57447761,https://images.pexels.com/videos/3188149/free-video-3188149.jpg?auto=compress&cs=tinysrgb&fit=crop&h=630&w=1200,calm
,,,,,,https://player.vimeo.com/external/283494593.hd.mp4?s=516343b2e86da7925590ac6058fe5074d8ccf6cb&profile_id=175&oauth2_token_id=57447761,https://images.pexels.com/videos/1304242/free-video-1304242.jpg?auto=compress&cs=tinysrgb&fit=crop&h=630&w=1200,calm
,,,,,,https://player.vimeo.com/external/190380753.hd.mp4?s=947b423f39fbda0027d9aef8593103f3792d3070&profile_id=119&oauth2_token_id=57447761,https://images.pexels.com/videos/854576/free-video-854576.jpg?auto=compress&cs=tinysrgb&fit=crop&h=630&w=1200,calm
,,,,,,https://player.vimeo.com/external/532665758.hd.mp4?s=7c587f986e25ae587ae8967d990061f5c15ab50b&profile_id=175&oauth2_token_id=57447761,https://images.pexels.com/videos/7385122/4k-background-loop-ocean-7385122.jpeg?auto=compress&cs=tinysrgb&fit=crop&h=630&w=1200,calm
,,,,,,https://player.vimeo.com/external/363269983.hd.mp4?s=1c18bc256e148d4f49513c26331d7e1049509c94&profile_id=169&oauth2_token_id=57447761,https://images.pexels.com/videos/3008598/free-video-3008598.jpg?auto=compress&cs=tinysrgb&fit=crop&h=630&w=1200,calm
,,,,,,https://player.vimeo.com/external/435195362.hd.mp4?s=2b7c0652fc561df6b38648c03d3666419e51a2ed&profile_id=175&oauth2_token_id=57447761,https://images.pexels.com/videos/4793348/orilla-relax-sea-sound-sea-4793348.jpeg?auto=compress&cs=tinysrgb&fit=crop&h=630&w=1200,calm
,,,,,,https://player.vimeo.com/external/328447772.hd.mp4?s=14158e10e64595d8b6c2ee6dd0dcaf3bf2badf4b&profile_id=169&oauth2_token_id=57447761,https://images.pexels.com/videos/2099326/free-video-2099326.jpg?auto=compress&cs=tinysrgb&fit=crop&h=630&w=1200,calm
,,,,,,https://player.vimeo.com/external/415288405.hd.mp4?s=f45538eec89243a16b9849c192cb812701600e68&profile_id=174&oauth2_token_id=57447761,https://images.pexels.com/videos/4328730/air-beautiful-belong-branch-4328730.jpeg?auto=compress&cs=tinysrgb&fit=crop&h=630&w=1200,calm
,,,,,,https://player.vimeo.com/external/417086772.hd.mp4?s=805672532584c4b0a7fa9c1670ddf8f4b44e3cc8&profile_id=174&oauth2_token_id=57447761,https://images.pexels.com/videos/4374509/pexels-photo-4374509.jpeg?auto=compress&cs=tinysrgb&fit=crop&h=630&w=1200,calm
,,,,,,https://player.vimeo.com/external/407837811.hd.mp4?s=70b78031f2c1531541c55e375685f3b42167d9e3&profile_id=174&oauth2_token_id=57447761,https://images.pexels.com/videos/4158222/pexels-photo-4158222.jpeg?auto=compress&cs=tinysrgb&fit=crop&h=630&w=1200,calm
,,,,,,https://player.vimeo.com/external/363508605.hd.mp4?s=152ee94e7d4a142e46e71680aa166907489df799&profile_id=174&oauth2_token_id=57447761,https://images.pexels.com/videos/3011974/free-video-3011974.jpg?auto=compress&cs=tinysrgb&fit=crop&h=630&w=1200,calm
,,,,,,https://player.vimeo.com/external/206208041.hd.mp4?s=56078b8bd08e7c3a5a313de5321e9b31eec0e0fb&profile_id=170&oauth2_token_id=57447761,https://images.pexels.com/videos/855462/free-video-855462.jpg?auto=compress&cs=tinysrgb&fit=crop&h=630&w=1200,calm
,,,,,,https://player.vimeo.com/external/439244742.hd.mp4?s=554a36eee80d06c625c2428e7ecaa1044ae0673c&profile_id=175&oauth2_token_id=57447761,https://images.pexels.com/videos/4887584/pexels-photo-4887584.jpeg?auto=compress&cs=tinysrgb&fit=crop&h=630&w=1200,calm
,,,,,,https://player.vimeo.com/external/316462226.hd.mp4?s=5956f0afc39465f3a9aed5ddfc9fbfc43c80694f&profile_id=175&oauth2_token_id=57447761,https://images.pexels.com/videos/1892669/free-video-1892669.jpg?auto=compress&cs=tinysrgb&fit=crop&h=630&w=1200,calm
,,,,,,https://player.vimeo.com/external/312885386.hd.mp4?s=4a909e3a3323901d154e6dcf4b313a94a05c4bd9&profile_id=174&oauth2_token_id=57447761,https://images.pexels.com/videos/1826643/free-video-1826643.jpg?auto=compress&cs=tinysrgb&fit=crop&h=630&w=1200,calm
,,,,,,https://player.vimeo.com/external/406089139.hd.mp4?s=6ff176a57f0bc13d5aabff8b9a9a4d5067903bfa&profile_id=172&oauth2_token_id=57447761,https://images.pexels.com/videos/4115485/pexels-photo-4115485.jpeg?auto=compress&cs=tinysrgb&fit=crop&h=630&w=1200,calm
,,,,,,https://player.vimeo.com/external/319093502.hd.mp4?s=5e791c7a0eecb3d937a2cbdc864ded0e3c769d6c&profile_id=174&oauth2_token_id=57447761,https://images.pexels.com/videos/1937807/free-video-1937807.jpg?auto=compress&cs=tinysrgb&fit=crop&h=630&w=1200,calm
,,,,,,https://player.vimeo.com/external/406845314.hd.mp4?s=0409b125bb5bf52de436c5367843ae2cfc974beb&profile_id=174&oauth2_token_id=57447761,https://images.pexels.com/videos/4139671/pexels-photo-4139671.jpeg?auto=compress&cs=tinysrgb&fit=crop&h=630&w=1200,calm
,,,,,,https://player.vimeo.com/external/355356836.hd.mp4?s=d851d31b2ecbb4a80aad03bbc17e589d81fe9b83&profile_id=172&oauth2_token_id=57447761,https://images.pexels.com/videos/2829177/free-video-2829177.jpg?auto=compress&cs=tinysrgb&fit=crop&h=630&w=1200,calm
,,,,,,https://player.vimeo.com/external/406199590.hd.mp4?s=144fb44e220b0ad396bb5e5674c29525a434b4a8&profile_id=175&oauth2_token_id=57447761,https://images.pexels.com/videos/4124475/active-at-home-beautiful-view-calm-4124475.jpeg?auto=compress&cs=tinysrgb&fit=crop&h=630&w=1200,calm
,,,,,,https://player.vimeo.com/external/384246651.hd.mp4?s=3181ab45d85e6bef87e05458471a79a25dc012cb&profile_id=175&oauth2_token_id=57447761,https://images.pexels.com/videos/3558549/free-video-3558549.jpg?auto=compress&cs=tinysrgb&fit=crop&h=630&w=1200,calm
,,,,,,https://player.vimeo.com/external/407271877.hd.mp4?s=4c6fc38bfe0b562bd59f4f4731a766f8c65ef337&profile_id=174&oauth2_token_id=57447761,https://images.pexels.com/videos/4148161/pexels-photo-4148161.jpeg?auto=compress&cs=tinysrgb&fit=crop&h=630&w=1200,calm
,,,,,,https://player.vimeo.com/external/451772603.hd.mp4?s=d499a016486ac093967779b6bd10261f19b59af5&profile_id=170&oauth2_token_id=57447761,https://images.pexels.com/videos/5198042/4k-8-alps-animals-5198042.jpeg?auto=compress&cs=tinysrgb&fit=crop&h=630&w=1200,calm
,,,,,,https://player.vimeo.com/external/199765436.hd.mp4?s=6047270ed3d703eda48018ecd5acda95be86ba55&profile_id=174&oauth2_token_id=57447761,https://images.pexels.com/videos/854994/free-video-854994.jpg?auto=compress&cs=tinysrgb&fit=crop&h=630&w=1200,calm
,,,,,,https://player.vimeo.com/external/422094058.hd.mp4?s=52144f6d0d1ed2fce56b96fc8c9d6cbefb51ba66&profile_id=175&oauth2_token_id=57447761,https://images.pexels.com/videos/4471213/4k-background-farm-field-field-4471213.jpeg?auto=compress&cs=tinysrgb&fit=crop&h=630&w=1200,calm
,,,,,,https://player.vimeo.com/external/214503794.hd.mp4?s=929b7487e64324b733b7e8abeba36e1cf0a5c6c0&profile_id=119&oauth2_token_id=57447761,https://images.pexels.com/videos/856062/free-video-856062.jpg?auto=compress&cs=tinysrgb&fit=crop&h=630&w=1200,calm
,,,,,,https://player.vimeo.com/external/415918903.hd.mp4?s=5572a05a50037695d24f5021e3479c6cbfa1cef6&profile_id=170&oauth2_token_id=57447761,https://images.pexels.com/videos/4343448/beauty-branches-calm-environment-4343448.jpeg?auto=compress&cs=tinysrgb&fit=crop&h=630&w=1200,calm
,,,,,,https://player.vimeo.com/external/435398598.hd.mp4?s=400c5335e9b5f00e0e6bca1cd66aec82b1883d92&profile_id=175&oauth2_token_id=57447761,https://images.pexels.com/videos/4801449/lake-sunset-waves-4801449.jpeg?auto=compress&cs=tinysrgb&fit=crop&h=630&w=1200,calm
,,,,,,https://player.vimeo.com/external/435134518.hd.mp4?s=da45098046ad5796ecee4c6a316632f5a3f80102&profile_id=175&oauth2_token_id=57447761,https://images.pexels.com/videos/4791166/bay-bay-paddle-birds-eye-view-canal-4791166.jpeg?auto=compress&cs=tinysrgb&fit=crop&h=630&w=1200,calm
,,,,,,https://player.vimeo.com/external/404817416.hd.mp4?s=dbf7f42c97556349fa9aef1da989c479b32b8f4e&profile_id=172&oauth2_token_id=57447761,https://images.pexels.com/videos/4093761/pexels-photo-4093761.jpeg?auto=compress&cs=tinysrgb&fit=crop&h=630&w=1200,calm
,,,,,,https://player.vimeo.com/external/316448691.hd.mp4?s=9ea412f6c819cdad0629eb4f7fd0f3ecf53ade04&profile_id=175&oauth2_token_id=57447761,https://images.pexels.com/videos/1892489/free-video-1892489.jpg?auto=compress&cs=tinysrgb&fit=crop&h=630&w=1200,calm
,,,,,,https://player.vimeo.com/external/204721635.hd.mp4?s=8e9d2db3e7f4c81b13f3f88e7cc26c7812b5a405&profile_id=119&oauth2_token_id=57447761,https://images.pexels.com/videos/855325/free-video-855325.jpg?auto=compress&cs=tinysrgb&fit=crop&h=630&w=1200,calm
,,,,,,https://player.vimeo.com/external/342553696.hd.mp4?s=781eb65c674ee2eee6e65c8dff88063706910d87&profile_id=175&oauth2_token_id=57447761,https://images.pexels.com/videos/2498966/free-video-2498966.jpg?auto=compress&cs=tinysrgb&fit=crop&h=630&w=1200,calm
,,,,,,https://player.vimeo.com/external/409642648.hd.mp4?s=5991aa9cecd165a760e71ef6a10fb71a2f331043&profile_id=174&oauth2_token_id=57447761,https://images.pexels.com/videos/4196647/aerial-view-beauty-in-nature-blue-calm-4196647.jpeg?auto=compress&cs=tinysrgb&fit=crop&h=630&w=1200,calm
,,,,,,https://player.vimeo.com/external/141513027.hd.mp4?s=2d98e427c7246444b84c4188d79916459270fc55&profile_id=119&oauth2_token_id=57447761,https://images.pexels.com/videos/853735/free-video-853735.jpg?auto=compress&cs=tinysrgb&fit=crop&h=630&w=1200,calm
,,,,,,https://player.vimeo.com/external/407042130.hd.mp4?s=29ea2d562b6be3c96bd9fe3da37d2adaefb5a43e&profile_id=174&oauth2_token_id=57447761,https://images.pexels.com/videos/4143615/animal-beauty-blue-calm-4143615.jpeg?auto=compress&cs=tinysrgb&fit=crop&h=630&w=1200,calm
,,,,,,https://player.vimeo.com/external/439187311.hd.mp4?s=db54a5758b89e6dfa6ede6c6acec11485193f896&profile_id=170&oauth2_token_id=57447761,https://images.pexels.com/videos/4886467/pexels-photo-4886467.jpeg?auto=compress&cs=tinysrgb&fit=crop&h=630&w=1200,calm
,,,,,,https://player.vimeo.com/external/416636477.hd.mp4?s=b8e055a159c4aeca85fa8dcf6dbce4cee10df620&profile_id=174&oauth2_token_id=57447761,https://images.pexels.com/videos/4361089/pexels-photo-4361089.jpeg?auto=compress&cs=tinysrgb&fit=crop&h=630&w=1200,calm
,,,,,,https://player.vimeo.com/external/458930839.hd.mp4?s=2c4c35adf288f8eebc56f90199b1aa11205069c8&profile_id=170&oauth2_token_id=57447761,https://images.pexels.com/videos/5378535/4k-calm-water-clouds-cloudy-sky-5378535.jpeg?auto=compress&cs=tinysrgb&fit=crop&h=630&w=1200,calm
,,,,,,https://player.vimeo.com/external/363285261.hd.mp4?s=0d7e72fbbbbcdf7a0e4c60efe88bd4a540785414&profile_id=173&oauth2_token_id=57447761,https://images.pexels.com/videos/3008698/free-video-3008698.jpg?auto=compress&cs=tinysrgb&fit=crop&h=630&w=1200,calm
,,,,,,https://player.vimeo.com/external/415899863.hd.mp4?s=e9f0912dff27b125b7f964982c2ccdfc78e3a529&profile_id=174&oauth2_token_id=57447761,https://images.pexels.com/videos/4342614/branch-calm-flow-forest-4342614.jpeg?auto=compress&cs=tinysrgb&fit=crop&h=630&w=1200,calm
,,,,,,https://player.vimeo.com/external/395248366.hd.mp4?s=bcedb36318efc45de80bba2d284ebfcb3bc10c27&profile_id=175&oauth2_token_id=57447761,https://images.pexels.com/videos/3854841/pexels-photo-3854841.jpeg?auto=compress&cs=tinysrgb&fit=crop&h=630&w=1200,calm
,,,,,,https://player.vimeo.com/external/353214574.hd.mp4?s=b95b195e1375bdf79272464045e611dfa895c6f8&profile_id=175&oauth2_token_id=57447761,https://images.pexels.com/videos/2785240/free-video-2785240.jpg?auto=compress&cs=tinysrgb&fit=crop&h=630&w=1200,calm
,,,,,,https://player.vimeo.com/external/435141811.hd.mp4?s=b2dabbd960bff1a215224fd9eff823a9aec8a37f&profile_id=175&oauth2_token_id=57447761,https://images.pexels.com/videos/4791610/pexels-photo-4791610.jpeg?auto=compress&cs=tinysrgb&fit=crop&h=630&w=1200,calm
,,,,,,https://player.vimeo.com/external/451733714.hd.mp4?s=8957a9c92244158bcacac2e454f357cba11eca49&profile_id=172&oauth2_token_id=57447761,https://images.pexels.com/videos/5197053/4k-8-alps-animals-5197053.jpeg?auto=compress&cs=tinysrgb&fit=crop&h=630&w=1200,calm
,,,,,,https://player.vimeo.com/external/358840482.hd.mp4?s=e7234a82426a7790064381805ce399cc58bf3546&profile_id=175&oauth2_token_id=57447761,https://images.pexels.com/videos/2917346/free-video-2917346.jpg?auto=compress&cs=tinysrgb&fit=crop&h=630&w=1200,calm
,,,,,,https://player.vimeo.com/progressive_redirect/playback/785801866/rendition/720p/file.mp4?loc=external&oauth2_token_id=57447761&signature=377a85364d9652e99e2b86081a578abe58a3d1aaa4edfae62965251356914ed9,https://images.pexels.com/videos/14983272/pexels-photo-14983272.jpeg?auto=compress&cs=tinysrgb&fit=crop&h=630&w=1200,colourful nature
,,,,,,https://player.vimeo.com/progressive_redirect/playback/785802830/rendition/720p/file.mp4?loc=external&oauth2_token_id=57447761&signature=88062329fe92f382b0b190d4ea90c97ca70dc334d5b1228aa79c9235cf9c2dde,https://images.pexels.com/videos/14983290/pexels-photo-14983290.jpeg?auto=compress&cs=tinysrgb&fit=crop&h=630&w=1200,colourful nature
,,,,,,https://player.vimeo.com/external/347584603.hd.mp4?s=d2c2f7efd23aa313f8637f31b0d3bda89918c7dc&profile_id=175&oauth2_token_id=57447761,https://images.pexels.com/videos/2646392/free-video-2646392.jpg?auto=compress&cs=tinysrgb&fit=crop&h=630&w=1200,colourful nature
,,,,,,https://player.vimeo.com/external/457169636.hd.mp4?s=bdd42c8ebe24e4a3dc5d517195b37028b2280ff8&profile_id=175&oauth2_token_id=57447761,https://images.pexels.com/videos/5340699/4k-video-beautiful-sunset-calm-waters-golden-sunset-5340699.jpeg?auto=compress&cs=tinysrgb&fit=crop&h=630&w=1200,colourful nature
,,,,,,https://player.vimeo.com/external/337468577.hd.mp4?s=bbdc931ab69e65822965c9d4d3bf32b209d349b2&profile_id=170&oauth2_token_id=57447761,https://images.pexels.com/videos/2344545/free-video-2344545.jpg?auto=compress&cs=tinysrgb&fit=crop&h=630&w=1200,colourful nature
,,,,,,https://player.vimeo.com/external/394106385.hd.mp4?s=5aef6f1c7fda40831e83a62362226ec1af3751fb&profile_id=175&oauth2_token_id=57447761,https://images.pexels.com/videos/3816531/agriculture-blue-british-columbia-canada-3816531.jpeg?auto=compress&cs=tinysrgb&fit=crop&h=630&w=1200,colourful nature
,,,,,,https://player.vimeo.com/external/472104039.hd.mp4?s=a5776dd8ec2f9c2e02eebf69afd7b1f8e568a6a4&profile_id=170&oauth2_token_id=57447761,https://images.pexels.com/videos/5698883/pexels-photo-5698883.jpeg?auto=compress&cs=tinysrgb&fit=crop&h=630&w=1200,colourful nature
,,,,,,https://player.vimeo.com/external/468352758.hd.mp4?s=cc89a3dad7e825dd6eef1c6af6815bdd84f4eceb&profile_id=175&oauth2_token_id=57447761,https://images.pexels.com/videos/5605753/pexels-photo-5605753.jpeg?auto=compress&cs=tinysrgb&fit=crop&h=630&w=1200,colourful nature
,,,,,,https://player.vimeo.com/external/363636035.hd.mp4?s=729529eca6f01b8e71cb9f55c12e3953bd0bdac7&profile_id=175&oauth2_token_id=57447761,https://images.pexels.com/videos/3015514/free-video-3015514.jpg?auto=compress&cs=tinysrgb&fit=crop&h=630&w=1200,colourful nature
,,,,,,https://player.vimeo.com/external/461576597.hd.mp4?s=bdff3abbff8212670d85964ec7d17680e827407e&profile_id=174&oauth2_token_id=57447761,https://images.pexels.com/videos/5440069/botany-close-up-daisies-daisy-5440069.jpeg?auto=compress&cs=tinysrgb&fit=crop&h=630&w=1200,colourful nature
,,,,,,https://player.vimeo.com/external/454668773.hd.mp4?s=755a46d9c6c0667e734f2cf90b19eca24cc80c46&profile_id=174&oauth2_token_id=57447761,https://images.pexels.com/videos/5271929/blowing-flower-farming-flower-field-flower-petals-5271929.jpeg?auto=compress&cs=tinysrgb&fit=crop&h=630&w=1200,colourful nature
,,,,,,https://player.vimeo.com/external/474194174.hd.mp4?s=d1b6d34aa557b737355f67d090bedfbb87dc18b3&profile_id=175&oauth2_token_id=57447761,https://images.pexels.com/videos/5750805/beautiful-colorful-colourful-dawn-5750805.jpeg?auto=compress&cs=tinysrgb&fit=crop&h=630&w=1200,colourful nature
,,,,,,https://player.vimeo.com/external/346373171.hd.mp4?s=8f53b46835e7ada7d99cbd72264f757c8918dd33&profile_id=175&oauth2_token_id=57447761,https://images.pexels.com/videos/2616619/free-video-2616619.jpg?auto=compress&cs=tinysrgb&fit=crop&h=630&w=1200,colourful nature
,,,,,,https://player.vimeo.com/external/465806833.hd.mp4?s=70498a4adfd5da77562cda2ff6de448d6766693d&profile_id=174&oauth2_token_id=57447761,https://images.pexels.com/videos/5548030/fish-fish-underwater-fishes-marine-animal-5548030.jpeg?auto=compress&cs=tinysrgb&fit=crop&h=630&w=1200,colourful nature
,,,,,,https://player.vimeo.com/external/396096234.hd.mp4?s=bb66b8e0c0f1a83bf493acf4aecf6319797e99bc&profile_id=174&oauth2_token_id=57447761,https://images.pexels.com/videos/3877884/butterfly-insect-3877884.jpeg?auto=compress&cs=tinysrgb&fit=crop&h=630&w=1200,colourful nature
,,,,,,https://player.vimeo.com/external/458100230.hd.mp4?s=79d71b0e7a922285619a41bddda371b20eacf0b9&profile_id=170&oauth2_token_id=57447761,https://images.pexels.com/videos/5363961/pexels-photo-5363961.jpeg?auto=compress&cs=tinysrgb&fit=crop&h=630&w=1200,colourful nature
,,,,,,https://player.vimeo.com/external/502545944.hd.mp4?s=1b358ba226a7270503b3bc4c82ec80e265346b8d&profile_id=174&oauth2_token_id=57447761,https://images.pexels.com/videos/6550969/pexels-photo-6550969.jpeg?auto=compress&cs=tinysrgb&fit=crop&h=630&w=1200,colourful nature
,,,,,,https://player.vimeo.com/external/308964578.hd.mp4?s=6495d764da047152d56858d9c69ac6990993e5f6&profile_id=174&oauth2_token_id=57447761,https://images.pexels.com/videos/1745947/free-video-1745947.jpg?auto=compress&cs=tinysrgb&fit=crop&h=630&w=1200,colourful nature
,,,,,,https://player.vimeo.com/external/448506093.hd.mp4?s=37b06508334e05bdf0f815f8f97069ae7c8afcea&profile_id=170&oauth2_token_id=57447761,https://images.pexels.com/videos/5119363/australia-beach-blue-water-drone-5119363.jpeg?auto=compress&cs=tinysrgb&fit=crop&h=630&w=1200,colourful nature
,,,,,,https://player.vimeo.com/external/473104262.hd.mp4?s=66bdf0021c92134a633263eaf2506181f99e2051&profile_id=170&oauth2_token_id=57447761,https://images.pexels.com/videos/5724712/air-autumn-copter-drone-5724712.jpeg?auto=compress&cs=tinysrgb&fit=crop&h=630&w=1200,colourful nature
,,,,,,https://player.vimeo.com/external/344318327.hd.mp4?s=17e86d08832877e8486e0e662dcfde1e726d6477&profile_id=174&oauth2_token_id=57447761,https://images.pexels.com/videos/2558620/free-video-2558620.jpg?auto=compress&cs=tinysrgb&fit=crop&h=630&w=1200,colourful nature
,,,,,,https://player.vimeo.com/external/216445752.hd.mp4?s=fd7fa77b74803f506649270a35f5b29ec0fd4032&profile_id=174&oauth2_token_id=57447761,https://images.pexels.com/videos/856149/free-video-856149.jpg?auto=compress&cs=tinysrgb&fit=crop&h=630&w=1200,colourful nature
,,,,,,https://player.vimeo.com/external/473108741.hd.mp4?s=f16c1e23e927306b21caffb73146ae4fb3eaaf04&profile_id=175&oauth2_token_id=57447761,https://images.pexels.com/videos/5724860/air-autumn-copter-drone-5724860.jpeg?auto=compress&cs=tinysrgb&fit=crop&h=630&w=1200,colourful nature
,,,,,,https://player.vimeo.com/external/509232778.hd.mp4?s=2b76fe828ea390fc37f87e0a8bcad11179a08e84&profile_id=174&oauth2_token_id=57447761,https://images.pexels.com/videos/6738511/peacock-6738511.jpeg?auto=compress&cs=tinysrgb&fit=crop&h=630&w=1200,colourful nature
,,,,,,https://player.vimeo.com/external/448509595.hd.mp4?s=1f9897b633606e5617c6abd9894b5b025cae5b80&profile_id=175&oauth2_token_id=57447761,https://images.pexels.com/videos/5119497/australia-beach-blue-water-drone-5119497.jpeg?auto=compress&cs=tinysrgb&fit=crop&h=630&w=1200,colourful nature
,,,,,,https://player.vimeo.com/external/462937493.hd.mp4?s=6d3ad528966b2f5c4c16ec252da2b227f6c336e9&profile_id=170&oauth2_token_id=57447761,https://images.pexels.com/videos/5471913/pexels-photo-5471913.jpeg?auto=compress&cs=tinysrgb&fit=crop&h=630&w=1200,colourful nature
,,,,,,https://player.vimeo.com/external/455692571.hd.mp4?s=004b783aa34862c0c1c6eb95e8724e293b468fe3&profile_id=174&oauth2_token_id=57447761,https://images.pexels.com/videos/5308789/bed-of-flowers-flower-bed-flowers-nature-5308789.jpeg?auto=compress&cs=tinysrgb&fit=crop&h=630&w=1200,colourful nature
,,,,,,https://player.vimeo.com/external/403936902.hd.mp4?s=66fc2b6094f4005dc2609b9d6116e10a73585781&profile_id=174&oauth2_token_id=57447761,https://images.pexels.com/videos/4071156/beautiful-colorful-dog-dogwalk-4071156.jpeg?auto=compress&cs=tinysrgb&fit=crop&h=630&w=1200,colourful nature
,,,,,,https://player.vimeo.com/external/531928919.hd.mp4?s=b2541d8606eca6af30efae3fbe4db32add8e526b&profile_id=175&oauth2_token_id=57447761,https://images.pexels.com/videos/7356431/pexels-photo-7356431.jpeg?auto=compress&cs=tinysrgb&fit=crop&h=630&w=1200,colourful nature
,,,,,,https://player.vimeo.com/external/484498664.hd.mp4?s=1d33d071b0357d40e6ca1f1c83e857f14d05d558&profile_id=173&oauth2_token_id=57447761,https://images.pexels.com/videos/6006139/3d-4k-alps-animals-6006139.jpeg?auto=compress&cs=tinysrgb&fit=crop&h=630&w=1200,colourful nature
,,,,,,https://player.vimeo.com/external/342612940.hd.mp4?s=72eb2a37542d556412178e4fe10de9272a17f850&profile_id=174&oauth2_token_id=57447761,https://images.pexels.com/videos/2503376/free-video-2503376.jpg?auto=compress&cs=tinysrgb&fit=crop&h=630&w=1200,colourful nature
,,,,,,https://player.vimeo.com/external/467780079.hd.mp4?s=af64751d3bcc3ef138f1b0e81b7d3b2c446e7df7&profile_id=171&oauth2_token_id=57447761,https://images.pexels.com/videos/5594635/pexels-photo-5594635.jpeg?auto=compress&cs=tinysrgb&fit=crop&h=630&w=1200,colourful nature
,,,,,,https://player.vimeo.com/external/442749774.hd.mp4?s=2b7a9e67c2fff56acd41150324f1054d88978a3c&profile_id=174&oauth2_token_id=57447761,https://images.pexels.com/videos/4982608/pexels-photo-4982608.jpeg?auto=compress&cs=tinysrgb&fit=crop&h=630&w=1200,colourful nature
,,,,,,https://player.vimeo.com/external/442749795.hd.mp4?s=0dd79d513a739ecbcb9a41cc57bdde8409021152&profile_id=175&oauth2_token_id=57447761,https://images.pexels.com/videos/4982610/birds-parrot-sparrow-4982610.jpeg?auto=compress&cs=tinysrgb&fit=crop&h=630&w=1200,colourful nature
,,,,,,https://player.vimeo.com/external/448508840.hd.mp4?s=3c7f120be193372da4673ff7afe79460e205788e&profile_id=175&oauth2_token_id=57447761,https://images.pexels.com/videos/5119419/4wd-australia-beach-beach-driving-5119419.jpeg?auto=compress&cs=tinysrgb&fit=crop&h=630&w=1200,colourful nature
,,,,,,https://player.vimeo.com/external/448509289.hd.mp4?s=d9e96f4ebbd794ce64017262d9614d76b0d4e3bf&profile_id=175&oauth2_token_id=57447761,https://images.pexels.com/videos/5119475/australia-beach-blue-water-drone-5119475.jpeg?auto=compress&cs=tinysrgb&fit=crop&h=630&w=1200,colourful nature
,,,,,,https://player.vimeo.com/external/455693214.hd.mp4?s=ecfe4d05c96f169c819eeaa42781585c979af045&profile_id=170&oauth2_token_id=57447761,https://images.pexels.com/videos/5308797/bed-of-flowers-flower-bed-flowers-nature-5308797.jpeg?auto=compress&cs=tinysrgb&fit=crop&h=630&w=1200,colourful nature
,,,,,,https://player.vimeo.com/external/509232810.hd.mp4?s=b9955411f1830621dff1e9b71de5654fb18f6bc8&profile_id=169&oauth2_token_id=57447761,https://images.pexels.com/videos/6738510/peacock-6738510.jpeg?auto=compress&cs=tinysrgb&fit=crop&h=630&w=1200,colourful nature
,,,,,,https://player.vimeo.com/external/503971087.hd.mp4?s=73e36ff1ef867c240ab26c9e7502f50c504b7c5e&profile_id=170&oauth2_token_id=57447761,https://images.pexels.com/videos/6582208/forest-river-green-water-6582208.jpeg?auto=compress&cs=tinysrgb&fit=crop&h=630&w=1200,colourful nature
,,,,,,https://player.vimeo.com/external/543805558.hd.mp4?s=9fe060d819b1a10e4bd09ffc87e976f13dfa1f8e&profile_id=174&oauth2_token_id=57447761,https://images.pexels.com/videos/7722592/animal-ara-avian-beak-7722592.jpeg?auto=compress&cs=tinysrgb&fit=crop&h=630&w=1200,colourful nature
,,,,,,https://player.vimeo.com/external/464435997.hd.mp4?s=4f99ab910e3acd9b08d1715fbd8b858b365726a1&profile_id=170&oauth2_token_id=57447761,https://images.pexels.com/videos/5509009/pexels-photo-5509009.jpeg?auto=compress&cs=tinysrgb&fit=crop&h=630&w=1200,colourful nature
,,,,,,https://player.vimeo.com/external/364237352.hd.mp4?s=483f8aed4c6709f6f41b36ea22a166cf8de5bed1&profile_id=172&oauth2_token_id=57447761,https://images.pexels.com/videos/3027641/free-video-3027641.jpg?auto=compress&cs=tinysrgb&fit=crop&h=630&w=1200,colourful nature
,,,,,,https://player.vimeo.com/external/468463031.hd.mp4?s=5e99a508faae479379f9e50018726dde1c20ae1b&profile_id=174&oauth2_token_id=57447761,https://images.pexels.com/videos/5607838/aerial-autumn-background-beautiful-5607838.jpeg?auto=compress&cs=tinysrgb&fit=crop&h=630&w=1200,colourful nature
,,,,,,https://player.vimeo.com/external/473105555.hd.mp4?s=2ab87238903c95324493beb92b81a38cc0d8581a&profile_id=172&oauth2_token_id=57447761,https://images.pexels.com/videos/5724719/air-autumn-copter-drone-5724719.jpeg?auto=compress&cs=tinysrgb&fit=crop&h=630&w=1200,colourful nature
,,,,,,https://player.vimeo.com/external/543804835.hd.mp4?s=325bd8e581cb98dc2b982e45442bea51a3d6ee40&profile_id=174&oauth2_token_id=57447761,https://images.pexels.com/videos/7722577/animal-ara-beak-beautiful-7722577.jpeg?auto=compress&cs=tinysrgb&fit=crop&h=630&w=1200,colourful nature
,,,,,,https://player.vimeo.com/external/403939229.hd.mp4?s=a41a718bea846057d3dd2f05dafaa38f8d1dc11c&profile_id=175&oauth2_token_id=57447761,https://images.pexels.com/videos/4071182/pexels-photo-4071182.jpeg?auto=compress&cs=tinysrgb&fit=crop&h=630&w=1200,colourful nature
,,,,,,https://player.vimeo.com/external/473103664.hd.mp4?s=bcb5fd6af066587bdb0841f9abcbd18cf96ad0f4&profile_id=172&oauth2_token_id=57447761,https://images.pexels.com/videos/5724710/air-autumn-copter-drone-5724710.jpeg?auto=compress&cs=tinysrgb&fit=crop&h=630&w=1200,colourful nature
,,,,,,https://player.vimeo.com/external/495889754.hd.mp4?s=3a44de33a6aef3aca91ceae9923015d6560409b0&profile_id=172&oauth2_token_id=57447761,https://images.pexels.com/videos/6345271/pexels-photo-6345271.jpeg?auto=compress&cs=tinysrgb&fit=crop&h=630&w=1200,colourful nature
,,,,,,https://player.vimeo.com/external/448509194.hd.mp4?s=f7511bcbc80b84a151ed1b1ae5445e7a34270930&profile_id=170&oauth2_token_id=57447761,https://images.pexels.com/videos/5119478/australia-beach-blue-water-drone-5119478.jpeg?auto=compress&cs=tinysrgb&fit=crop&h=630&w=1200,colourful nature
,,,,,,https://player.vimeo.com/external/475885105.hd.mp4?s=605d45379607c7a9e254b96fa2cdeebc1ad98e49&profile_id=169&oauth2_token_id=57447761,https://images.pexels.com/videos/5800508/beach-beach-sunset-beautiful-sunset-before-sunset-5800508.jpeg?auto=compress&cs=tinysrgb&fit=crop&h=630&w=1200,colourful nature
,,,,,,https://player.vimeo.com/external/510033476.hd.mp4?s=09fe0d541485531448ebb8519ebee3cdea0649bf&profile_id=169&oauth2_token_id=57447761,https://images.pexels.com/videos/6760155/pexels-photo-6760155.jpeg?auto=compress&cs=tinysrgb&fit=crop&h=630&w=1200,colourful nature
,,,,,,https://player.vimeo.com/external/543805321.hd.mp4?s=8714dd859f27180a73d2ae9d3b0b69b8dafd7ed7&profile_id=175&oauth2_token_id=57447761,https://images.pexels.com/videos/7722583/animal-ara-avian-beak-7722583.jpeg?auto=compress&cs=tinysrgb&fit=crop&h=630&w=1200,colourful nature
,,,,,,https://player.vimeo.com/external/543841840.hd.mp4?s=43163289f0f46b88b3b1dca014c37e886701ec9d&profile_id=174&oauth2_token_id=57447761,https://images.pexels.com/videos/7723872/animal-ara-avian-beak-7723872.jpeg?auto=compress&cs=tinysrgb&fit=crop&h=630&w=1200,colourful nature
,,,,,,https://player.vimeo.com/external/416993912.hd.mp4?s=7dfaf4777591d1eee6630556da335825d6da84bf&profile_id=172&oauth2_token_id=57447761,https://images.pexels.com/videos/4372552/pexels-photo-4372552.jpeg?auto=compress&cs=tinysrgb&fit=crop&h=630&w=1200,colourful nature
,,,,,,https://player.vimeo.com/external/459201812.hd.mp4?s=55220b676d8906d5d4ca13bb4a73cf7307b616cb&profile_id=174&oauth2_token_id=57447761,https://images.pexels.com/videos/5382693/autumn-autumn-color-autumn-leaf-autumnal-tints-5382693.jpeg?auto=compress&cs=tinysrgb&fit=crop&h=630&w=1200,colourful nature
,,,,,,https://player.vimeo.com/external/473106455.hd.mp4?s=83027170ddc08af97ad0c00459c01e214911bc1b&profile_id=170&oauth2_token_id=57447761,https://images.pexels.com/videos/5724718/air-autumn-copter-drone-5724718.jpeg?auto=compress&cs=tinysrgb&fit=crop&h=630&w=1200,colourful nature
,,,,,,https://player.vimeo.com/external/478348019.hd.mp4?s=4c16456c8637d7daf2cc36d0224cd28230efc3ed&profile_id=172&oauth2_token_id=57447761,https://images.pexels.com/videos/5865401/balanced-diet-composition-eating-food-5865401.jpeg?auto=compress&cs=tinysrgb&fit=crop&h=630&w=1200,colourful nature
,,,,,,https://player.vimeo.com/external/484975113.hd.mp4?s=f03d3d9fef91d9a0032432e98c05e3355770dd2e&profile_id=170&oauth2_token_id=57447761,https://images.pexels.com/videos/6018081/4k-australia-background-bay-6018081.jpeg?auto=compress&cs=tinysrgb&fit=crop&h=630&w=1200,colourful nature
,,,,,,https://player.vimeo.com/external/287542006.hd.mp4?s=09010a232635f22e1f3b7e1dba4632d9345a1935&profile_id=175&oauth2_token_id=57447761,https://images.pexels.com/videos/1376376/free-video-1376376.jpg?auto=compress&cs=tinysrgb&fit=crop&h=630&w=1200,colourful nature
,,,,,,https://player.vimeo.com/external/453554110.hd.mp4?s=9eb9c5efa24bf0f3ff2af5a39a53e0a8c96adfbe&profile_id=175&oauth2_token_id=57447761,https://images.pexels.com/videos/5243444/apple-brunch-tree-5243444.jpeg?auto=compress&cs=tinysrgb&fit=crop&h=630&w=1200,colourful nature
,,,,,,https://player.vimeo.com/external/473555774.hd.mp4?s=b2c3519a2ae86f4d2c1f17519f7fffcf09e7d004&profile_id=175&oauth2_token_id=57447761,https://images.pexels.com/videos/5734436/nature-photographyinnature-beautiful-nature-beauty-in-nature-5734436.jpeg?auto=compress&cs=tinysrgb&fit=crop&h=630&w=1200,colourful nature
,,,,,,https://player.vimeo.com/external/440045088.hd.mp4?s=ef5f53467fb75d99488406c7c090f31b65f46db9&profile_id=174&oauth2_token_id=57447761,https://images.pexels.com/videos/4912080/beautiful-animal-beautiful-bird-best-birds-bird-4912080.jpeg?auto=compress&cs=tinysrgb&fit=crop&h=630&w=1200,colourful nature
,,,,,,https://player.vimeo.com/external/462855441.hd.mp4?s=92dd753992ce67e5c8e2c80cc32f9797222d52e1&profile_id=175&oauth2_token_id=57447761,https://images.pexels.com/videos/5470405/avian-bee-eater-bee-eater-birds-5470405.jpeg?auto=compress&cs=tinysrgb&fit=crop&h=630&w=1200,colourful nature
,,,,,,https://player.vimeo.com/external/464716226.hd.mp4?s=db0e89b3a8be288b47b4d5472656e245e9bb3520&profile_id=174&oauth2_token_id=57447761,https://images.pexels.com/videos/5521548/sunset-sky-timelapse-video-5521548.jpeg?auto=compress&cs=tinysrgb&fit=crop&h=630&w=1200,colourful nature
,,,,,,https://player.vimeo.com/external/563244287.hd.mp4?s=2c4167149a695310b63ad600a70a0b6bb0ed79a1&profile_id=172&oauth2_token_id=57447761,https://images.pexels.com/videos/8345564/pexels-photo-8345564.jpeg?auto=compress&cs=tinysrgb&fit=crop&h=630&w=1200,colourful nature
,,,,,,https://player.vimeo.com/external/426636678.hd.mp4?s=8e153a5c6be36e1b27fab0cc58de16efaf7393e4&profile_id=175&oauth2_token_id=57447761,https://images.pexels.com/videos/4582328/beautiful-calm-clouds-colorado-4582328.jpeg?auto=compress&cs=tinysrgb&fit=crop&h=630&w=1200,colourful nature
,,,,,,https://player.vimeo.com/external/457654758.hd.mp4?s=0e3aa210194235138b09fd3405d3df75d56d9dee&profile_id=172&oauth2_token_id=57447761,https://images.pexels.com/videos/5355792/aromatherapy-beautiful-beauty-bloom-5355792.jpeg?auto=compress&cs=tinysrgb&fit=crop&h=630&w=1200,colourful nature
,,,,,,https://player.vimeo.com/external/519358074.hd.mp4?s=fee50124778e3c4af44bca5f5f4d239af1ff7000&profile_id=172&oauth2_token_id=57447761,https://images.pexels.com/videos/7034157/pexels-photo-7034157.jpeg?auto=compress&cs=tinysrgb&fit=crop&h=630&w=1200,colourful nature
,,,,,,https://player.vimeo.com/external/563242682.hd.mp4?s=137ca0d209e62cc0958ee8110f68d44573b3dedd&profile_id=174&oauth2_token_id=57447761,https://images.pexels.com/videos/8345506/pexels-photo-8345506.jpeg?auto=compress&cs=tinysrgb&fit=crop&h=630&w=1200,colourful nature
,,,,,,https://player.vimeo.com/external/563244327.hd.mp4?s=1ca3a3e082e03051e9278ce4702e7a9c7bf8803c&profile_id=175&oauth2_token_id=57447761,https://images.pexels.com/videos/8345565/pexels-photo-8345565.jpeg?auto=compress&cs=tinysrgb&fit=crop&h=630&w=1200,colourful nature
,,,,,,https://player.vimeo.com/external/639340471.hd.mp4?s=39ee6a5287924894877973f6797d4869195fac8b&profile_id=174&oauth2_token_id=57447761,https://images.pexels.com/videos/10041594/animal-animals-avian-beak-10041594.jpeg?auto=compress&cs=tinysrgb&fit=crop&h=630&w=1200,colourful nature
,,,,,,https://player.vimeo.com/external/453555910.hd.mp4?s=98759275d75d2e85925c00719957c76a15bffaa5&profile_id=174&oauth2_token_id=57447761,https://images.pexels.com/videos/5243469/countryside-flowers-plants-5243469.jpeg?auto=compress&cs=tinysrgb&fit=crop&h=630&w=1200,colourful nature
,,,,,,https://player.vimeo.com/external/426744690.hd.mp4?s=4470885d8b8970c529269f6c970ba7c91750280d&profile_id=175&oauth2_token_id=57447761,https://images.pexels.com/videos/4587825/beautiful-butterfly-butterfly-butterfly-landing-butterfly-on-a-flower-4587825.jpeg?auto=compress&cs=tinysrgb&fit=crop&h=630&w=1200,colourful nature
,,,,,,https://player.vimeo.com/external/469991180.hd.mp4?s=08afa4fef9fd1abf3e03197fdd2198069dfd655c&profile_id=172&oauth2_token_id=57447761,https://images.pexels.com/videos/5645576/pexels-photo-5645576.jpeg?auto=compress&cs=tinysrgb&fit=crop&h=630&w=1200,colourful nature
,,,,,,,,
,,,,,,,,
